title,year,slug,url,rating,genres,cast,directors,poster
The Silence of the Lambs,1991,the-silence-of-the-lambs,https://letterboxd.com/film/the-silence-of-the-lambs/,10,Crime|Drama|Horror|Thriller,Jodie Foster|Anthony Hopkins|Scott Glenn|Ted Levine|Anthony Heald|Brooke Smith|Diane Baker|Kasi Lemmons|Frankie Faison|Tracey Walter|Charles Napier|Danny Darst|Alex Coleman|Dan Butler|Paul Lazar|Ron Vawter|Roger Corman|Lawrence A. Bonney|Lawrence T. Wrentz|Don Brockett|Frank Seals Jr.|Stuart Rudin|Maria Skorobogatov|Jeffrie Lane|Leib Lensky|George 'Red' Schwartz|Jim Roche|James B. Howard|Bill Miller|Chuck Aber|Gene Borkan|Pat McNamara|Kenneth Utt|Adelle Lutz|Obba Babatundé|George Michael|Jim Dratfield|D. Stanton Miranda|Rebecca Saxon|Cynthia Ettinger|Brent Hinkley|Steve Wyatt|David Early|Andre B. Blake|Bill Dalzell|Chris Isaak|Daniel von Bargen|Tommy Lafitte|Josh Broder|Buzz Kilman|Harry Northup|Lauren Roselli|Lamont Arnold|John Hall|Ted Monte|George A. Romero|John W. Iwanonkiw|Robert W. Castle|Chris McGinn|Gary Goetzman|Lynette Jenkins|Jason Menz|Edward Saxon|Mike Schaeffer|Ted Tally|Lewis 'Jiggs' Walker,Jonathan Demme,https://a.ltrbxd.com/resized/film-poster/5/1/7/8/2/51782-the-silence-of-the-lambs-0-600-0-900-crop.jpg?v=18d88bdff4
Eyes Wide Shut,1999,eyes-wide-shut,https://letterboxd.com/film/eyes-wide-shut/,9,Drama|Mystery|Thriller,Tom Cruise|Nicole Kidman|Sydney Pollack|Marie Richardson|Rade Šerbedžija|Todd Field|Vinessa Shaw|Alan Cumming|Sky du Mont|Fay Masterson|Leelee Sobieski|Thomas Gibson|Madison Eginton|Julienne Davis|Jackie Sawiris|Leslie Lowe|Peter Hans Benson|Michael Doven|Louise J. Taylor|Stewart Thorndike|Randall Paul|Lisa Leone|Kevin Connealy|Mariana Hewett|Dan Rollman|Gavin Parry|Chris Pare|Adam Lias|Christian Clarke|Kyle Whitcombe|Gary Goba|Florian Windorfer|Togo Igawa|Eiji Kusuhara|Sam Douglas|Angus MacInnes|Abigail Good|Brian W. Cook|Leon Vitali|Carmela Marner|Phil Davies|Cindy Dolenc|Clark Hayes|Treva Etienne|Colin Angus|Karla Ashley|Kate Charman|James Demaria|Tony De Sergio|Janie Dickens|Laura Fallace|Vanessa Fenton|Georgina Finch|Peter Godwin|Joanna Heath|Lee Henshaw|Ateeka Poole|Adam Pudney|Sharon Quinn|Ben De Saumserez|Emma Lou Sharratt|Paul Spelling|Matthew Thompson|Dan Travers|Russell Trigg|Kate Whalin|Cate Blanchett|John N. Campbell|Emilio D'Alessandro|Paul Desbois|Donna Ewin|Sam Heydon|Alex Hobbs|Christiane Kubrick|Katharina Kubrick|Graham Skidmore|Stanley Kubrick|José Zapico,Stanley Kubrick,https://a.ltrbxd.com/resized/film-poster/5/1/7/1/7/51717-eyes-wide-shut-0-600-0-900-crop.jpg?v=7010402aeb
The Game,1997,the-game,https://letterboxd.com/film/the-game/,10,Drama|Mystery|Thriller,Michael Douglas|Sean Penn|Deborah Kara Unger|James Rebhorn|Peter Donat|Carroll Baker|Anna Katarina|Armin Mueller-Stahl|Charles Martinet|Scott Hunter McGuire|Florentine Mocanu|Elizabeth Dennehy|Caroline Barclay|Daniel Schorr|John Aprea|Harrison Young|Kimberly Russell|Joe Frank|James Brooks|Gerry Becker|Jarion Monroe|Tommy Flanagan|Bill Flannery|Kat Kilkenny|John Cassini|Harris Savides|Aaron Lucich|Victor Talmadge|Marc Siegler|André Brazeau|Keena Turner|Carlos Hoy|Edward Campbell|Sean Lanthier|Curtis Vanterpool|Jay Gordon|Jeffrey Michael Young|Owen Masterson|Yuji Okumoto|Hideo Kimura|Rachel Flanagan|Mark Boone Junior|Joy Ann Ryan|Peter Davidian|Jack Kehoe|Christopher John Fields|Linda Manz|Vic Ferreira|Duffy Gaver|Bob Stephenson|Sean Moloney|John Hammil|Rachel Steinberg|George Maguire|Trish Summerville|Jason Kristofer|Lily Froehlich|Tammy Koehler|Michael Lynwood|Alex Lynwood|Charles Branklyn|Spike Jonze|Michael Massee|Sara Davallou|Stephen Cowee|J. Anthony Pena|Gypsy Boots|Bob Dini,David Fincher,https://a.ltrbxd.com/resized/sm/upload/5c/nj/ji/qx/the-game-1200-1200-675-675-crop-000000.jpg?v=a25c86b897
Nocturnal Animals,2016,nocturnal-animals,https://letterboxd.com/film/nocturnal-animals/,10,Drama|Thriller,Amy Adams|Jake Gyllenhaal|Michael Shannon|Aaron Taylor-Johnson|Isla Fisher|Ellie Bamber|Armie Hammer|Karl Glusman|Robert Aramayo|Laura Linney|Andrea Riseborough|Michael Sheen|Bobbi Salvör Menuez|Imogen Waterhouse|Franco Vega|Zawe Ashton|Evie Pree|Beth Ditto|Graham Beckel|Neil Jackson|Jena Malone|Lee Benton|Kristin Bauer|Sydney Schafer|Evan Bittencourt|Janet Song|Michele Dunn|Lori Jean Wilson|Peggy Fields Richardson|Piper Major|Moose Ali Khan|Brianna Barnes|Amanda Fields|Joshua D. Eads|Jonathan Fredrick|Alizee Gaillard|Nick Hounslow|Kerstin Lechner|Carson Nicely|Christopher Pinkalla|Tonia Marie Rosée|Errol Sack|Brian Stivale|Chelsea Taylor|Jack Wallace|Jackie Zane|Maria Zyrianova,Tom Ford,https://a.ltrbxd.com/resized/sm/upload/ac/qj/x9/pf/nocturnal-animals-1200-1200-675-675-crop-000000.jpg?v=53e2ca8dbf
Jackie Brown,1997,jackie-brown,https://letterboxd.com/film/jackie-brown/,8,Crime|Drama|Thriller,Pam Grier|Samuel L. Jackson|Robert De Niro|Bridget Fonda|Michael Keaton|Robert Forster|Michael Bowen|Chris Tucker|LisaGay Hamilton|Tommy Lister Jr.|Hattie Winston|Sid Haig|Aimee Graham|Ellis Williams|Tangie Ambrose|T'Keyah Crystal Keymáh|Venessia Valentino|Diana Uribe|Renee Kelly|Elizabeth McInerney|Colleen Mayne|Laura Lovelace|Christine Lydon|Julia Ervin|Juliet Long|Michelle Berube|Gillian White|Candice Briese|Gary Mann|Jeffrey Deedrick|Roy Nesvold|Herbert Hans Wilmsen|Mary Ann Schmidt|Glendon Rich|Denise Crosby|Quentin Tarantino,Quentin Tarantino,https://a.ltrbxd.com/resized/sm/upload/p4/0k/k9/7k/jackie%20brown-1200-1200-675-675-crop-000000.jpg?v=d3c4b28a78
The Shawshank Redemption,1994,the-shawshank-redemption,https://letterboxd.com/film/the-shawshank-redemption/,10,Crime|Drama,Tim Robbins|Morgan Freeman|Bob Gunton|William Sadler|Clancy Brown|Gil Bellows|James Whitmore|Mark Rolston|Jeffrey DeMunn|Larry Brandenburg|Neil Giuntoli|Brian Libby|David Proval|Joseph Ragno|Jude Ciccolella|Paul McCrane|Renee Blaine|Scott Mann|John Horton|Gordon Greene|Alfonso Freeman|Vincent Foster|John E. Summers|Frank Medrano|Mack Miles|Alan R. Kessler|Morgan Lund|Cornell Wallace|Gary Lee Davis|Neil Summers|Ned Bellamy|Joe Pecoraro|Harold E. Cope Jr.|Brian Delate|Don McManus|Donald Zinn|Dorothy Silver|Robert Haley|Dana Snyder|John D. Craig|Ken Magee|Eugene C. DePasquale|Bill Bolender|Ron Newell|John R. Woodward|Chuck Brauchler|Dion Anderson|Claire Slemmer|James Kisicki|Rohn Thomas|Charlie Kearns|Rob Reider|Brian Brophy|Paul Kennedy|James Babson|Dennis Baker|Fred Culbertson|Alonzo F. Jones|Sergio Kato,Frank Darabont,https://a.ltrbxd.com/resized/sm/upload/1y/23/4e/ir/shawshank-redemption-1200-1200-675-675-crop-000000.jpg?v=a59d283bca
Hamnet,2025,hamnet,https://letterboxd.com/film/hamnet/,10,Drama|Romance,Jessie Buckley|Paul Mescal|Emily Watson|Joe Alwyn|Jacobi Jupe|Noah Jupe|Olivia Lynes|Justine Mitchell|David Wilmot|Louisa Harland|Freya Hannan-Mills|Bodhi Rae Breathnach|Zac Wishart|James Lintern|Eva Wishart|Effie Linnen|Dainton Anderson|James Skinner|Elliot Baxter|Faith Delaney|Smylie Bradwell|Laura Guest|John Mackay|Albert McCormick|Eliah Arnstjerna|Edward Anderson|El Simons|Sam Woolf|Hera Gibson|Jack Shalloo|Raphael Goold|Shaun Mason|Matthew Tennyson|Clay Russell|Javier Marzan,Chloé Zhao,https://a.ltrbxd.com/resized/film-poster/7/7/2/2/3/2/772232-hamnet-0-600-0-900-crop.jpg?v=631489314d
Marty Supreme,2025,marty-supreme,https://letterboxd.com/film/marty-supreme/,10,Drama|Thriller,"Timothée Chalamet|Gwyneth Paltrow|Odessa A'zion|Kevin O'Leary|Tyler, The Creator|Fran Drescher|Abel Ferrara|Emory Cohen|Géza Röhrig|Koto Kawaguchi|Larry Sloman|Luke Manley|Pico Iyer|Mariann Tepedino|Ralph Colucci|Devorah Shubowitz|George Gervin|Marinel Tinnirello|Sandra Bernhard|John Catsimatidis|Nick Waplington|Nikhil Kumar|Keith Kirkwood|Conn Horgan|Joshua Bennett|Timo Boll|Mahadeo Shivraj|John Keating|Ed Malone|Roddy O'Hehir|Michael Cummings|Harvey Shield|Diego Schaaf|Sho Miyazaki|Andy Kai Nagashima|Dennis Creaghan|Francis Dumaurier|Kemba Walker|Tracy McGrady|Musto Pelinkovicci|Marius Tanase|Philippe Petit|Donato P. Daddario|Frankie Carbone|Lizzi Bougatsos|Lucas Z. Heinrich|Johnny Engle|Jimmy Lindquist|Todd Vulpio|Johnny Zito|Stephen Dachtera|Brian Marks|Kevin Eccleston|Richard Schlossbach|Emilio El Kilani|Isaac Simon|Cody Kostro|George J. Katsiavos|Levon Hawke|Spenser Granese|Hailey Benton Gates|Patrick Wiki Morales|Ted Williams|Alison Bartlett|Fred Hechinger|David Mamet|Jake Braff|Bill Buell|Naomi Fry|Paul Grimstad|Barry Daniels|Roman Persits|Garrett Hermann|Penn Jillette|Linda Malamy|Mitchell Wenig|Ronald Bronstein|Edward Puydak|Hector Diaz|Isaac Mizrahi|Kevin Loreque|Joseph Cappiello|Joseph Jankauskas|Joris Stuyck|Dante Fiallo|Nancy Shankman|Chris Nelson|Eric Rampulla|Randy Credico|Bob Rubin|Michael A. Sollecito|Cheryl Flowers-Briggs|Rory Gevis|Mia Humberd-Hilf|Brian Sexton|Rick Garlick|Shingo Aiba|Yasu Suzuki|Tatsuo Ichikawa|Mark Okita|Joe Matsumura|Rei Ogaki|Anna Melody|Ryuku Kina|Jota Ito|Hideyuki Yamashiro|Tony Crosbie|Mahmoud Osfour|Kojun Natsu|Sadaharu Matsushita|Gao Ogawa|Tomoki Urabe|Charles Glover|Etsuko Enami|Koji Oribe|Johnnie Yamamoto|Nick Wood|Susan Lazarus|Rae Maddren|Carolyn Gershenson|Robert Pattinson|Veronica Hein|Anthony Thomas Larkin|Octavian Reccy|Ben Fiorica|Joél Isaac",Josh Safdie,https://a.ltrbxd.com/resized/film-poster/1/1/9/7/4/9/9/1197499-marty-supreme-0-600-0-900-crop.jpg?v=b14a26bb43
No Other Choice,2025,no-other-choice-2025,https://letterboxd.com/film/no-other-choice-2025/,9,Comedy|Crime|Thriller,Lee Byung-hun|Son Ye-jin|Park Hee-soon|Lee Sung-min|Yeom Hye-ran|Cha Seung-won|Oh Dal-su|Kim Woo-seung|Choi So-yul|Kim Hae-sook|Yoo Yeon-seok|Hwang Gyu-chan|Bae Ki-beom|Kim Jin-man|Jason Lane Cutler|Hiram Piskitel|Henny Savenije|Derek Chouinard|Christian Olsen|Sean Cho|Kim Jung-pal|Yoo In-hye|Cho Eun-joo|Lee Han-sol|Nam Jin-bok|Kim Sung-kang|Zhang Dong|Lee Suk-hyeong|Kim Hyeong-mook|Woo Jeong-won|Yoon Ga-i|Oh Kwang-rok|Lee Yong-nyeo|Im Tae-poong|Ahn Hyun-ho|Nam Dae-hyeop|Joo In-young|Jeong Soo-kyo|Ryu Ji-an|Son Sang-gyu|Yoo Yeon|Byun Jin-su|Kim Chae-yoon|Kwon Do-gyun|Bae Hyun-kyung|Lee Jin-kyul|Kwon Hyuk|Woo Choong-hyun,Park Chan-wook,https://a.ltrbxd.com/resized/film-poster/5/6/5/9/5/2/565952-no-other-choice-2025-0-600-0-900-crop.jpg?v=87ef42b9f5
Eternity,2025,eternity-2025-1,https://letterboxd.com/film/eternity-2025-1/,8,Comedy|Drama|Romance,Elizabeth Olsen|Miles Teller|Callum Turner|Da'Vine Joy Randolph|John Early|Barry Primus|Betty Buckley|Darryl Scheelar|Danny Mac|Damon Johnson|Lucy Turnbull|Christie Burke|Sebastian Billingsley-Rodriguez|Patrick Freyne|Angela Galanopoulos|Bianca Foscht|Brett Willis|Carson Bokenfohr|Meg Roe|Taliya Evans|Panta Mosleh|Matthew McFetridge|Karl Reay|David C. Jones|Kristina Capati|Justin Stone|Brandi Alexander|Mark Pariñas|Leanne Buchanan|Jeff Sanca|Devielle Johnson|Synthia Kiss|David Z. Cohen|Aman Mann|Soheila Vatandoost|Ryan Beil|Olga Merediz|Jamie Crozier|Noah Bromley|Erik Gow|Peter D'Souza|Andrew McNee|Jon Ray Dy Buco|Brady Droulis|Elodie Venece|Riun Garner|Francis Hugh Gardere|Jennifer Oleksiuk|Eva Ferguson|Olga Petsa,David Freyne,https://a.ltrbxd.com/resized/film-poster/1/1/4/3/3/9/0/1143390-eternity-2025-1-0-600-0-900-crop.jpg?v=adc98f0553
In the Mood for Love,2000,in-the-mood-for-love,https://letterboxd.com/film/in-the-mood-for-love/,10,Drama|Romance,Maggie Cheung|Tony Leung Chiu-wai|Siu Ping-Lam|Rebecca Pan|Kelly Lai Chen|Joe Cheung Tung-Cho|Chan Man-Lei|Koo Kam-Wah|Mama Hung|Paulyn Sun|Roy Cheung Yiu-Yeung|Julien Carbon|Laurent Courtiaud,Wong Kar-Wai,https://a.ltrbxd.com/resized/sm/upload/1a/ox/ht/6y/in-the-mood-for-love-1200-1200-675-675-crop-000000.jpg?v=1489906ac3
Star Wars,1977,star-wars,https://letterboxd.com/film/star-wars/,9,Action|Adventure|Science Fiction,Mark Hamill|Harrison Ford|Carrie Fisher|Peter Cushing|Alec Guinness|Anthony Daniels|Kenny Baker|Peter Mayhew|David Prowse|James Earl Jones|Phil Brown|Shelagh Fraser|Jack Purvis|Alex McCrindle|Eddie Byrne|Drewe Henley|Denis Lawson|Garrick Hagon|Jack Klaff|William Hootkins|Angus MacInnes|Jeremy Sinden|Graham Ashley|Don Henderson|Richard LeParmentier|Leslie Schofield|Michael Leader|David Ankrum|Scott Beach|Lightning Bear|Jon Berg|Doug Beswick|Paul Blake|Janice Burchette|Ted Burnett|John Chapman|Gilda Cohen|Tim Condren|Barry Copping|Alfie Curtis|Robert Davies|Maria De Aragon|Robert A. Denham|Frazer Diamond|Peter Diamond|Warwick Diamond|Sadie Eden|Kim Falkinburg|Harry Fielder|Ted Gagliano|Salo Gardner|Steve Gawley|Barry Gnome|Rusty Goffe|Isaac Grand|Reg Harding|Alan Harris|Frank Henson|Arthur Howell|Tommy Ilsley|Joe Johnston|Linda Jones|Joe Kaye|Colin Michael Kitchens|Melissa Kurtz|Tiffany Hillkurtz|Al Lampert|Anthony Lang|Derek Lyons|Mahjoub|Alf Mangan|Grant McCune|Geoffrey Moon|Mandy Morton|Lorne Peterson|Marcus Powell|Shane Rimmer|Pam Rose|George Roubicek|Erica Simmons|Angela Staines|George Stock|Roy Straite|Peter Sturgeon|Peter Sumner|John Sylla|Tom Sylla|Malcolm Tierney|Phil Tippett|Burnell Tucker|Morgan Upton|Jerry Walter|Hal Wamsley|Diana Sadley Way|Bill Weston|Fred Wood|Colin Higgins|Ron Tarr|Anthony Forrest|John Cannon|Larry Ward|Eddie Eddon|Rick McCallum|Steve Williams|Ian Selby,George Lucas,https://a.ltrbxd.com/resized/film-poster/2/7/0/6/2706-star-wars-0-600-0-900-crop.jpg?v=f1f1271bf5
The Interview,2014,the-interview-2014,https://letterboxd.com/film/the-interview-2014/,7,Action|Comedy,James Franco|Seth Rogen|Lizzy Caplan|Randall Park|Diana Bang|Timothy Simons|Reese Alexander|James Yi|Paul Bae|Geoff Gustafson|Dominique Lalonde|Anesha Bailey|Anders Holm|Charles Rahi Chun|Don Chow|Colin Foo|Larry Hoe|Cleo Yeh|Yuna Song|Michelle Kim McCoy|Peenkay Tang|Lia Lam|Hazeltine Gariza|Willem Jacobson|Daniel Lim|Harrison Lee|Jason Cox|John Coughlin|Peter Neilly|Yoosik Oum|Scott Seol|Daniel Junghuan Park|Justin Lee|Don Lew|Andrew Chin|Jung Jin Park|Dan Sterling|Fred Henderson|Dan Shea|Tommy Chang|Justin Cho|David Kim|Adrian de Lotz|Hong-Gill Cha|Sean Cho|Dave Ko|Jack Jekeon Cha|William 'Big Sleeps' Stewart|Joe Mande|Alice Wetterlund|Stacey Turner|Sam Catlin|Guy Fieri|Ben Schwartz|Eminem|Rob Lowe|Joseph Gordon-Levitt|Bill Maher|Seth Meyers|Emma Stone|Alan Blumenfeld|David Diaan|James Kyson|Curt Clendenin|Song Kang-ho,Evan Goldberg|Seth Rogen,https://a.ltrbxd.com/resized/film-poster/1/6/1/0/0/2/161002-the-interview-0-600-0-900-crop.jpg?v=9c3c3bf8ea
Demon Slayer: Kimetsu no Yaiba Infinity Castle,2025,demon-slayer-kimetsu-no-yaiba-infinity-castle,https://letterboxd.com/film/demon-slayer-kimetsu-no-yaiba-infinity-castle/,9,Action|Animation|Fantasy,Natsuki Hanae|Takahiro Sakurai|Akira Ishida|Hiro Shimono|Yoshimasa Hosoya|Saori Hayami|Mamoru Miyano|Reina Ueda|Yuichi Nakamura|Lynn|Toshihiko Seki|Tomokazu Sugita|Kengo Kawanishi|Kana Hanazawa|Kenichi Suzumura|Nobuhiko Okamoto|Katsuyuki Konishi|Akari Kito|Hochu Otsuka|Yoshitsugu Matsuoka|Daiki Yamashita|Ryotaro Okiayu|Toshiyuki Morikawa|Shin-ichiro Miki|Shigeru Chiba|Ai Kayano|Tomokazu Seki|Aoi Yuuki|Shiori Izawa|Marika Kouno|Rikiya Koyama|You Taichi|Konomi Kohara|Kaede Hondo|Maaya Sakamoto|Kouki Miyata|Shoya Chiba|Shoya Ishige|Yohei Azakami|Marina Inoue|Nobuo Tobita|Kenji Hamada|Kaori Nazuka|Takumi Yamazaki|Bin Shimada|Kazuhiro Yamaji|Yoku Shioya|Nobutoshi Canna,Haruo Sotozaki,https://a.ltrbxd.com/resized/film-poster/1/1/9/2/2/9/0/1192290-demon-slayer-kimetsu-no-yaiba-infinity-castle-0-600-0-900-crop.jpg?v=186ff42e55
Jerry Maguire,1996,jerry-maguire,https://letterboxd.com/film/jerry-maguire/,8,Comedy|Drama|Romance,Tom Cruise|Renée Zellweger|Cuba Gooding Jr.|Kelly Preston|Jerry O'Connell|Jay Mohr|Regina King|Bonnie Hunt|Jonathan Lipnicki|Todd Louiso|Mark Pellington|Jeremy Suarez|Jared Jussim|Benjamin Kimball Smith|Ingrid Beer|Jann Wenner|Nada Despotovich|Ali Wentworth|Aries Spears|Kelly Coffield Park|Alice Marie Crowe|Larina Adamson|Winnie Holzman|Diana Jordan|Susan Norfleet|Susan Pingleton|Cha Cha Sandoval-McMahon|Hynden Walch|Glenn Frey|Donal Logue|Tom Gallop|Beaumont Bacon|Lisa Amsterdam|Angela Goethals|Leslie Upson|Rick Johnson|Lightfield Lewis|Jerry Cantrell|Toby Huss|Drake Bell|Christine Cavanaugh|Russel Lunday|Eric Stoltz|Lamont Johnson|Brent Barry|Charlie Cronin|Theo Greenly|Rod Tate|Danny Rimmer|Michael James Johnson|Jordan Ross|Brandon Christianson|Jerry Ziesmer|Kirsten Krueger|Shannon Thornton|Luis Damian|Jesus Alberto Guzman|Juan Arnoldo Morales|Alberto Alfavo|Andrea Ferrell|Anthony Natale|David Ursin|Thomas J. Reilly|Reagan Gomez-Preston|Jim Moffatt|Leo Zick|Klair Bybee|Stan Sessoms|Gale Hillman|Heather Cheney|Dennis Fitzgerald|Lucy Liu|Stephanie Furst|Justina Vail Evans|Samantha Smith|Ivana Miličević|Lisa Rotondi|Lisa Stahl|Emily Procter|Amaryllis Borrego|Stacey A. Snyder|Lauren Parker|Lisa Ann Hadley|Kymberly Kalil|Alison Armitage|Rebecca Rigg|Golde Starger|Roy Firestone|Al Michaels|Dan Dierdorf|Frank Gifford|Mel Kiper|Jeffrey Lurie|Drew Rosenhaus|Richie Kotite|Tim McDonald|Mike Tirico|Wayne Fontes|Evelyn Fontes|Mike White|Johnnie Morton|Rick Mirer|Drew Bledsoe|Rob Moore|Ki-Jana Carter|Herman Moore|Art Monk|Troy Aikman|Katarina Witt|Dean Biasucci|Warren Moon|Kerry Collins|Erica Sorgi|Tom Friend|Dallas Malloy|Jim Irsay|Meg Irsay|Beau Bridges|Greg Bronson|Jacqueline Collen|Luanne Crawford|Joanna Daniels|Micki Duran|Mia Korf|Gina La Piana|Valerie Richards|Summer Sanders|June Saruwatari|Iva Franks-Singer|Carolyn Renee Smith|Lynnanne Zager|Kerrie Friend|Leigh Steinberg,Cameron Crowe,https://a.ltrbxd.com/resized/film-poster/4/7/2/0/6/47206-jerry-maguire-0-600-0-900-crop.jpg?v=0f7ed523ed
End of Watch,2012,end-of-watch,https://letterboxd.com/film/end-of-watch/,7,Crime|Drama|Thriller,Jake Gyllenhaal|Michael Peña|Natalie Martinez|Anna Kendrick|David Harbour|Frank Grillo|America Ferrera|Cody H. Carolin|Shondrella Avery|Hugh Daly|Gene Hong|Cle Sloan|Jaime FitzSimons|Everton Lawrence|Zone|Alvin Norman|Richard Cabral|Diamonique|Maurice Compte|Flakiss|Manny Jimenez Jr.|Nikki Nicholle Barreras|Kristy Wu|Candace Smith|Corina Calderon|David Fernandez Jr.|McKinley Freeman|Kevin Vance|David Castañeda|John A. Russo|Michael Monks|Serene Branson|Ramon Camacho|Eric Garcetti|Nelly Castillo|Judy Echavez|Ruben Roberto Gomez|Robert Gatewood|Diana Noris|Ron Roggé|Tony Sagastizado I,David Ayer,https://a.ltrbxd.com/resized/film-poster/6/3/4/6/2/63462-end-of-watch-0-600-0-900-crop.jpg?v=da5e26db65
Misery,1990,misery,https://letterboxd.com/film/misery/,8,Drama|Horror|Thriller,Kathy Bates|James Caan|Richard Farnsworth|Lauren Bacall|Frances Sternhagen|Graham Jarvis|Jerry Potter|Thomas Brunelle|June Christopher|Julie Payne|Archie Hahn|Gregory Snegoff|Wendy Bowers|Rob Reiner|J.T. Walsh,Rob Reiner,https://a.ltrbxd.com/resized/film-poster/5/0/8/4/6/50846-misery-0-600-0-900-crop.jpg?v=f079fc8138
Inglourious Basterds,2009,inglourious-basterds,https://letterboxd.com/film/inglourious-basterds/,10,Drama|Thriller|War,Brad Pitt|Mélanie Laurent|Christoph Waltz|Eli Roth|Michael Fassbender|Diane Kruger|Daniel Brühl|Til Schweiger|Gedeon Burkhard|Jacky Ido|B.J. Novak|Omar Doom|August Diehl|Denis Ménochet|Sylvester Groth|Martin Wuttke|Mike Myers|Julie Dreyfus|Richard Sammel|Alexander Fehling|Rod Taylor|Sönke Möhring|Samm Levine|Paul Rust|Michael Bacall|Arndt Schwering-Sohnrey|Petra Hartung|Volker Michalowski|Ken Duken|Christian Berkel|Anne-Sophie Franck|Léa Seydoux|Tina Rodriguez|Lena Friedrich|Ludger Pistor|Jana Pallaske|Wolfgang Lindner|Michael Kranz|Rainer Bock|André Penvern|Sebastian Hülk|Buddy Joe Hooker|Carlos Fidel|Christian Brückner|Hilmar Eichhorn|Patrick Elias|Eva Löbau|Salvadore Brandt|Jasper Linnewedel|Wilfried Hochholdinger|Olivier Girard|Michael Scheel|Leo Plank|Andreas Tietz|Bo Svenson|Enzo G. Castellari|Samuel L. Jackson|Bela B.|Noemi Besedes|Hélène Cardona|Jake Garber|Sabrina Rattey|Alex Boden|Guido Föhrweißer|Harvey Keitel|Andrew Napier|Greg Nicotero|Quentin Tarantino|Vitus Wieser|Bea-Marie Rück|Daniela Schwerdt|Niko Novick|Frederik Klaus,Quentin Tarantino,https://a.ltrbxd.com/resized/film-poster/4/1/3/5/2/41352-inglourious-basterds-0-600-0-900-crop.jpg?v=0c74c673e0
Django Unchained,2012,django-unchained,https://letterboxd.com/film/django-unchained/,10,Drama|Western,"Jamie Foxx|Christoph Waltz|Leonardo DiCaprio|Kerry Washington|Samuel L. Jackson|Walton Goggins|Dennis Christopher|James Remar|David Steen|Dana Gourrier|Nichole Galicia|Laura Cayouette|Ato Essandoh|Sammi Rotibi|Clay Donahue Fontenot|Escalante Lundy|Miriam F. Glover|Don Johnson|Franco Nero|James Russo|Tom Wopat|Don Stroud|Russ Tamblyn|Amber Tamblyn|Bruce Dern|M.C. Gainey|Cooper Huckabee|Doc Duhame|Jonah Hill|Lee Horsley|Zoë Bell|Michael Bowen|Robert Carradine|Jake Garber|Ted Neeley|James Parks|Tom Savini|Michael Parks|John Jarratt|Quentin Tarantino|Amari Cheatom|Keith Jefferson|Marcus Henderson|Chuuch|Kinetic|Louise Stratten|Kim Robillard|Shana Stein|Shannon Hazlett|Jack Lucarelli|Victoria Thomas|Grace Collins|Sharon Pierre-Louis|Christopher Berry|Kim Collins|Dane Rhodes|J.D. Evermore|Rex Linn|Michael Bacall|Ronan Hice|Ned Bellamy|Dave Coennen|Danièle Watts|Jon Eyez|Omar J. Dorsey|Evan Parke|Craig Stark|Brian Brown|Ritchie Montgomery|Nicholas Dashnaw|Jarrod Bunch|Edrick Browne|Kerry Sims|Jamal Duff|Todd Allen|Lewis Smith|Keniaryn Mitchell|Jakel Marshall|Carl Singleton|Ashley Toman|John McConnell|Mark Amos|Marsha Stephanie Blake|Catherine Lambert|Deborah Ayorinde|Takara Clark|Kimberley Drummond|Tenaj L. Jackson|Carl Bailey|Ross P. Cook|Gregory Allen Gabroy|Seth Bailey|David G. Baker|Glen Warner|Kesha Bullard Lewis|Edward J. Clare|Mike DeMille|Gary Grubbs|Justin Dwayne Hall|Kasey James|Cindy Mah|Johnny Otto|Belinda Owino|Mark Ulano|Misty Upham|Fatimah Taliah|Dudley Fuqua|Augustine Alvarez|John R. Bennett II|Valencia Christina|Gene Kevin Hames, Jr.|Ryan Happy|Bill Heintz|Jacky Ido|Jacquelyn Twodat Jackson|Marvin Jones III|Ashlee Nicole Jordan|Spencer Kayden|Elton LeBlanc|Chuck Murphy|Brianna Oppenheimer|Kel Owens|Matthew Parrott|Erin Pickett|Tom Proctor|Aleeah Rogers|Alfred Smith III|Kay Smith|Samantha Smith|Nathan Alan Thomas|Tristan Tierce|LaTeace Towns-Cuellar|Rashia Whitlock|Travis Wilkerson|Tadasay Young|Ronnie Zappa",Quentin Tarantino,https://a.ltrbxd.com/resized/film-poster/5/2/5/1/6/52516-django-unchained-0-600-0-900-crop.jpg?v=f02aed63a3
Cure,1997,cure,https://letterboxd.com/film/cure/,10,Crime|Horror|Mystery,Koji Yakusho|Masato Hagiwara|Tsuyoshi Ujiki|Anna Nakagawa|Yukijiro Hotaru|Yoriko Doguchi|Denden|Ren Osugi|Masahiro Toda|Misayo Haruki|Shun Nakayama|Akira Otaka|Shôgo Suzuki|Touji Kawahigashi|Hajime Tanimoto|Tarō Suwa|Takeshi Mikami|Makoto Kakeda|Taijirō Tamura|Makoto Togashi|Takayuki Konishi|Mitsuyo Suwa|Kae Egawa|Masato Yamaji,Kiyoshi Kurosawa,https://a.ltrbxd.com/resized/film-poster/2/8/1/9/5/28195-cure-0-600-0-900-crop.jpg?v=74a48c4849
Classroom of the Elite,2017,classroom-of-the-elite,https://letterboxd.com/film/classroom-of-the-elite/,8,Animation|Drama|Mystery,Shoya Chiba|Akari Kito|Ayana Taketatsu|Yurika Kubo|Mao Ichimichi|Ryota Osaka|Eiji Takeuchi|Rina Hidaka|Nao Toyama|Rina Sato|Rie Takahashi|Momoko Seto|Masaaki Mizunaka|Toshiki Iwasawa|Shinnosuke Tokudome,Yuu Kinome|Yoshinari Suzuki|Yusuke Kamata|Yohei Fukui|Yoshifumi Sasahara|Fumio Itou|Yoshihide Yuuzumi|Takahiro Majima|Atsuko Tonomizu,https://a.ltrbxd.com/resized/film-poster/6/5/5/1/3/4/655134-classroom-of-the-elite-0-600-0-900-crop.jpg?v=7c15a097ed
86 EIGHTY-SIX,2021,86-eighty-six,https://letterboxd.com/film/86-eighty-six/,9,Animation,Ikumi Hasegawa|Shoya Chiba|Natsumi Fujiwara|Seiichiro Yamashita|Saori Hayami|Sayumi Suzushiro,Toshimasa Ishii|Kuniyasu Nishina|Ryo Ando|Satsuki Takahashi|Tomohiko Ito|Takashi Yasui|Ryuta Kawahara|Takaaki Ishiyama|Toshihiro Maeya|Yoshinobu Tokumoto|Jun Shinohara,https://a.ltrbxd.com/resized/film-poster/8/5/7/8/2/1/857821-86-eighty-six-0-600-0-900-crop.jpg?v=32a5a67008
Golden Boy,1995,golden-boy-1995,https://letterboxd.com/film/golden-boy-1995/,9,Animation|Comedy,Mitsuo Iwata|Gorō Naya,Hiroyuki Kitakubo|Yasuhito Kikuchi|Hiroyuki Morita|Akihiko Nishiyama|Kenji Takemura,https://a.ltrbxd.com/resized/film-poster/3/3/4/3/8/33438-golden-boy-0-600-0-900-crop.jpg?v=3015942658
The Apothecary Diaries,2023,the-apothecary-diaries,https://letterboxd.com/film/the-apothecary-diaries/,9,Animation|Drama|Mystery,Aoi Yuuki|Takeo Otsuka|Katsuyuki Konishi|Hina Kino|Yui Ishikawa,Akinori Fudesaka|Kentaro Fujita|Kyohei Yamamoto|China|Gaku Shiga|Wataru Nakagawa|Tadao Okubo|Akira Koremoto|Erkin Kawabata|Yukihiko Asaki|Mitsuyo Yokono|Jun Owada|Akira Shimizu|So Toyama|Club Kadomatsu|Mayu Tanimoto|Yuushi Ibe|Tsuyoshi Nakano|Shintaro Itoga|Wazuka Komamiya|Oh Jin-koo|Masahiro Matsunaga|Kaho Asai|Misu Yamaneko|Yuu Kinome|Takanori Yano,https://a.ltrbxd.com/resized/film-poster/1/1/6/9/3/6/6/1169366-the-apothecary-diaries-0-600-0-900-crop.jpg?v=ab9b386c6f
JUJUTSU KAISEN,2020,jujutsu-kaisen,https://letterboxd.com/film/jujutsu-kaisen/,8,Animation,,Yui Umemoto|Ryohei Takeshita|Kakushi Ifuku|Hideaki Abe|Yosuke Takada|Eri Osada|Sunghoo Park|Shota Goshozono|Ken Takahashi|Daisuke Tsukushi|Masataka Akai|Hironori Tanaka|Chie Nishizawa|Masato Nakazono|Ryu Nakayama|Tomomi Kamiya|Naoki Miyajima|Arifumi Imai|Atsushi Nakagawa|Ryota Aikei|Yooto|Hiroyuki Kitakubo|Teppei Okuda|Hayato Kurosaki|Shunsuke Okubo|Takumi Sunakohara|Kazuto Arai|Hokuto Sadamoto|Fei Hung|Isuta|Itsuki Tsuchigami|Hakuyu Go|Harumi Yamazaki|Yuji Tokuno|Tetsuya Akutsu|Takumi Ichikawa|Risa Suzuki|Yusuke Sunouchi|Masaomi Ando|Seimei Kidokoro|Takeru Sato|Shinya Iino|Hiroshi Kobayashi|Hiroaki Yamamoto,https://a.ltrbxd.com/resized/film-poster/6/8/6/7/3/2/686732-jujutsu-kaisen-0-600-0-900-crop.jpg?v=267dd5fa93
Great Teacher Onizuka,1999,great-teacher-onizuka,https://letterboxd.com/film/great-teacher-onizuka/,9,Animation|Comedy|Drama,Wataru Takagi|Junko Noda|Isshin Chiba|Junichi Suwabe|Kazuhiro Nakata|Fumiko Orikasa|Kotono Mitsuishi|Hikaru Midorikawa|Naoki Yanagi|Tomokazu Seki|Ayako Kawasumi|Yoshiko Okamoto|Katsumi Suzuki|Cho|Akemi Okamura|Kousuke Okano,Noriyuki Abe|Naoyasu Habu|Hayato Date|Tomio Yamauchi|Yoshinori Odaka|Hiroyuki Ishido|Akihiro Enomoto|Hiroto Kato|Yutaka Kagawa|Kazunori Mizuno|Shigeki Hatakeyama|Hideaki Hisashi|Satoshi Nakagawa,https://a.ltrbxd.com/resized/film-poster/6/2/5/5/8/0/625580-great-teacher-onizuka-0-600-0-900-crop.jpg?v=257a10b4c5
Sonny Boy,2021,sonny-boy-2021,https://letterboxd.com/film/sonny-boy-2021/,9,Animation|Drama|Mystery,Aoi Ichikawa|Aoi Yuuki|Saori Onishi|Chiaki Kobayashi|Hiroki Goto|Ami Naito|Kenjiro Tsuda|Yuka Ozaki|Yoji Ueda|Hana Sato|Shota Yamamoto|Toru Okawa|Ai Kakuma|Ayana Taketatsu|Koji Yusa|Taiki Matsuno|Makoto Furukawa|Kana Ogino|Bin Shimada|Rie Hikisaka|Yoshiaki Hasegawa|Takuya Nakashima|Mie Sonozaki|Shinnosuke Ogami|Yuki Sakakihara,Shingo Natsume|Tomoya Kitagawa|Keiichiro Saito|Lim Ka-hee|Rei Ishikura|Kento Matsui|Atsushi Kashiwa|Nichika Ono,https://a.ltrbxd.com/resized/film-poster/7/6/2/2/2/7/762227-sonny-boy-0-600-0-900-crop.jpg?v=b09495b146
Death Note,2006,death-note-2006,https://letterboxd.com/film/death-note-2006/,9,Animation|Mystery,Mamoru Miyano|Shido Nakamura|Aya Hirano|Kappei Yamaguchi|Kimiko Saito|Naoya Uchida|Ryou Naitou|Keiji Fujiwara|Kazuya Nakai|Noriko Hidaka|Nozomu Sasaki,Kei Tsunematsu|Tetsuro Araki|Tomohiko Ito|Hiroyuki Tsuchiya|Naoyasu Habu|Mitsuhiro Yoneda|Oyunam|Makoto Bessho|Yukio Okazaki|Shinji Nagamura|Ryosuke Nakamura|Eiko Nishi|Naoto Hashimoto|Hisato Shimoda|Mitsuyuki Masuhara|Tomio Yamauchi|Hideki Ito|Hironori Aoyagi|Tetsuhito Saito|Takayuki Hirao,https://a.ltrbxd.com/resized/film-poster/6/0/6/8/3/4/606834-death-note-2006-0-600-0-900-crop.jpg?v=5a5d43ebbc
The Penguin,2024,the-penguin-2024,https://letterboxd.com/film/the-penguin-2024/,9,Crime|Drama,Colin Farrell|Cristin Milioti|Rhenzy Feliz|Deirdre O'Connell|Clancy Brown|Carmen Ejogo|Shohreh Aghdashloo|Theo Rossi|Michael Kelly,Craig Zobel|Helen Shaver|Kevin Bray|Jennifer Getzinger,https://a.ltrbxd.com/resized/film-poster/1/2/4/7/2/7/2/1247272-the-penguin-2024-0-600-0-900-crop.jpg?v=eeeddc7b97
Adventure Time,2007,adventure-time,https://letterboxd.com/film/adventure-time/,10,Adventure|Animation|Comedy|Drama|Family|Fantasy|Mystery,Zack Shada|John DiMaggio|Paige Moss|Dee Bradley Baker|John Kassir|Tom Kenny,Larry Leichliter|Hugo L. Morales|Pendleton Ward,https://a.ltrbxd.com/resized/film-poster/2/8/5/9/8/8/285988-adventure-time-0-600-0-900-crop.jpg?v=2ae3cbaade
Attack on Titan: THE LAST ATTACK,2024,attack-on-titan-the-last-attack,https://letterboxd.com/film/attack-on-titan-the-last-attack/,10,Action|Adventure|Animation|Drama,Yuki Kaji|Yui Ishikawa|Marina Inoue|Hiroshi Kamiya|Yu Shimamura|Romi Park|Yoshimasa Hosoya|Kisho Taniyama|Hiro Shimono|Koji Hiwatari|Takehito Koyasu|Ayane Sakura|Natsuki Hanae|Manami Numakura,Yuichiro Hayashi,https://a.ltrbxd.com/resized/film-poster/1/2/2/1/8/6/9/1221869-attack-on-titan-the-last-attack-0-600-0-900-crop.jpg?v=88aeec26f5
Attack on Titan The Final Chapters: Special 1,2023,attack-on-titan-the-final-chapters-special-1-2023,https://letterboxd.com/film/attack-on-titan-the-final-chapters-special-1-2023/,10,Animation,Yuki Kaji|Yui Ishikawa|Marina Inoue|Yu Shimamura|Kisho Taniyama|Hiro Shimono|Yoshimasa Hosoya|Romi Park|Hiroshi Kamiya|Daisuke Ono|Koji Hiwatari|Manami Numakura|Ayane Sakura|Natsuki Hanae|Kensho Ono|Mitsuki Saiga|Seiro Ogino|Kiri Yoshizawa|Tomo Sakurai|Koji Ishii|Mitsuki Nakamura|Atsuko Yuya|Yutaka Aoyama,Jun Shishido|Yuichiro Hayashi,https://a.ltrbxd.com/resized/sm/upload/tm/gg/g7/e1/attack%20on%20titan-1200-1200-675-675-crop-000000.jpg?v=5a573b55ae
Over the Garden Wall,2014,over-the-garden-wall-2014,https://letterboxd.com/film/over-the-garden-wall-2014/,10,Animation|Comedy|Family|Mystery,Elijah Wood|Collin Dean,Nate Cash,https://a.ltrbxd.com/resized/film-poster/3/4/3/9/1/1/343911-over-the-garden-wall-0-600-0-900-crop.jpg?v=85834d0555
Pulp Fiction,1994,pulp-fiction,https://letterboxd.com/film/pulp-fiction/,10,Comedy|Crime|Thriller,John Travolta|Samuel L. Jackson|Uma Thurman|Bruce Willis|Ving Rhames|Harvey Keitel|Eric Stoltz|Tim Roth|Amanda Plummer|Maria de Medeiros|Quentin Tarantino|Christopher Walken|Rosanna Arquette|Peter Greene|Duane Whitaker|Angela Jones|Phil LaMarr|Steve Buscemi|Bronagh Gallagher|Laura Lovelace|Frank Whaley|Burr Steers|Paul Calderon|Jerome Patrick Hoban|Michael Gilden|Gary Shorelle|Susan Griffiths|Eric Clark|Joseph Pilato|Brad Blumenthal|Lorelei Leslie|Emil Sitka|Brenda Hillhouse|Chandler Lindauer|Sy Sher|Robert Ruth|Rich Turner|Don Blakely|Carl Allen|Karen Maruyama|Kathy Griffin|Venessia Valentino|Linda Kaye|Stephen Hibbert|Alexis Arquette|Julia Sweeney|Lawrence Bender|Cie Allman|Rene Beard|Glendon Rich|Ani Sava|Richard Rossi,Quentin Tarantino,https://a.ltrbxd.com/resized/film-poster/5/1/4/4/4/51444-pulp-fiction-0-600-0-900-crop.jpg?v=dee19a8077
Akira,1988,akira,https://letterboxd.com/film/akira/,9,Action|Animation|Science Fiction,Mitsuo Iwata|Nozomu Sasaki|Mami Koyama|Taro Ishida|Mizuho Suzuki|Tessyo Genda|Koichi Kitamura|Yuriko Fuchizaki|Masaaki Okura|Takeshi Kusao|Kazuhiro Kamifuji|Tatsuhiko Nakamura|Fukue Itô|Yuka Ôno|Hiroshi Otake|Kazumi Tanaka|Masato Hirano|Masayuki Kato|Michihiro Ikemizu|Tarô Arakawa|Masami Toyoshima,Katsuhiro Otomo,https://a.ltrbxd.com/resized/sm/upload/a3/na/lc/i1/akira-1200-1200-675-675-crop-000000.jpg?v=0f65a387ac
The Count of Monte Cristo,2024,the-count-of-monte-cristo-2024,https://letterboxd.com/film/the-count-of-monte-cristo-2024/,10,Action|Adventure|Drama,Pierre Niney|Bastien Bouillon|Anaïs Demoustier|Laurent Lafitte|Pierfrancesco Favino|Patrick Mille|Vassili Schneider|Julien de Saint Jean|Anamaria Vartolomei|Julie de Bona|Adèle Simphal|Stéphane Varupenne|Marie Narbonne|Bruno Raffaelli|Abde Maziane|Amaya Ducellier|Oscar Lesage|Joachim Simon|Françoise Gazio|Axel Baille|Lily Dupont|Olivier Le Montagner|Jérémie Covillault|Bernard Blancan|Graziella Delerm|Xavier de Guillebon|Clémentine Baert|Florence Muller|Serge Bagdassarian|Jean-Louis Tribes|Laurent Dassault|Peter Winfield,Alexandre de La Patellière|Matthieu Delaporte,https://a.ltrbxd.com/resized/film-poster/9/7/7/8/3/5/977835-the-count-of-monte-cristo-2024-0-600-0-900-crop.jpg?v=f72dd77674
Manchester by the Sea,2016,manchester-by-the-sea,https://letterboxd.com/film/manchester-by-the-sea/,10,Drama,Casey Affleck|Lucas Hedges|Michelle Williams|Kyle Chandler|C.J. Wilson|Gretchen Mol|Matthew Broderick|Anna Baryshnikov|Heather Burns|Ivy O'Brien|Kara Hayward|Tom Kemp|Josh Hamilton|Tate Donovan|Ruibo Qian|Robert Sella|Susan Pourfar|Stephen McKinley Henderson|Chloe Dixon|Ellie Teves|Mary Mallen|Richard Donelly|Virginia Loring Cooke|Quincy Tyler Bernstine|Missy Yager|Ben Hanson|Lewis D. Wheeler|Anthony Estrella|Paul Meredith|Carolyn Pickman|Christian Mallen|Oscar Wahlberg|Wendy Overly|Jackson Damon|Shawn Fitzgibbon|Glenn McKiel|Joe Stapleton|Brian Chamberlain|Kenneth Lonergan|Jami Tennille|Liam McNeill|Danae Nason|Allyn Burrows|Nellie Lonergan|Brian A. White|Erica McDermott|Frank Garvin|William Bornkessel|Kt Baldassaro,Kenneth Lonergan,https://a.ltrbxd.com/resized/sm/upload/ht/my/nd/6c/manchester-by-the-sea-1200-1200-675-675-crop-000000.jpg?v=64f5d306a4
The Prestige,2006,the-prestige,https://letterboxd.com/film/the-prestige/,8,Drama|Mystery|Science Fiction,Hugh Jackman|Christian Bale|Michael Caine|Piper Perabo|Rebecca Hall|Scarlett Johansson|Samantha Mahurin|David Bowie|Andy Serkis|Daniel Davis|Jim Piddock|Christopher Neame|Mark Ryan|Roger Rees|Jamie Harris|Monty Stuart|Ron Perkins|Ricky Jay|J. Paul Moore|Anthony De Marco|Chao Li Chi|Gregory Humphreys|John B. Crye|William Morgan Sheppard|Sean Howse|Julia Sanford|Ezra Buzzington|James Lancaster|Olivia Merg|Zoe Merg|Johnny Liska|Russ Fega|Kevin Will|Edward Hibbert|Christopher Judges|James Otis|Sam Menning|Brian Tahash|Scott Davis|Jodi Bianca Wise|Nikki Glick|Enn Reitel|Clive Kennedy|Robert W. Arbogast|Chris Cleveland|Rock Anthony|Tim Pilleri|Gary Sievers|Inna Swann|Federica Mastroianni,Christopher Nolan,https://a.ltrbxd.com/resized/film-poster/5/1/1/4/7/51147-the-prestige-0-600-0-900-crop.jpg?v=ad7e891177
Nightcrawler,2014,nightcrawler,https://letterboxd.com/film/nightcrawler/,9,Crime|Drama|Thriller,Jake Gyllenhaal|Rene Russo|Riz Ahmed|Bill Paxton|Kevin Rahm|Michael Hyatt|Price Carson|Ann Cusack|Kent Shocknek|Sharon Tay|Carolyn Gilroy|Marco Rodríguez|Michael Papajohn|Jonny Coyne|Rick Chambers|Pat Harvey|Rick Garcia|James Huang|Leah Fredkin|Bill Seward|Holly Hannula|Nick Chacon|Kevin Dunigan|Alex Ortiz|Eric Lange|Kiff VandenHeuvel|Christina De Leon|Jamie McShane|Dig Wayne|Myra Turley|Merritt Bailey|Juan Fernandez|Lisa Remillard|Manuel Lujan|Chris Wolfe|Austin Raishbrook|Marc Raishbrook|Dale Shane|Kathleen York|Viviana Chavez|Stephanie D'Abruzzo|Emily Dahm|Bill Blair,Dan Gilroy,https://a.ltrbxd.com/resized/sm/upload/mb/nq/gx/cq/nightcrawler-1200-1200-675-675-crop-000000.jpg?v=376281b641
Toy Story,1995,toy-story,https://letterboxd.com/film/toy-story/,9,Adventure|Animation|Comedy|Family,Tom Hanks|Tim Allen|Don Rickles|Jim Varney|Wallace Shawn|John Ratzenberger|Annie Potts|John Morris|Erik von Detten|Laurie Metcalf|R. Lee Ermey|Sarah Rayne|Penn Jillette|Jack Angel|Spencer Aste|Greg Berg|Lisa Bradley|Kendall Cunningham|Debi Derryberry|Cody Dorkin|Bill Farmer|Craig Good|Gregory Grudt|Danielle Judovits|Sam Lasseter|Brittany Levenbrown|Sherry Lynn|Scott McAfee|Mickie McGowan|Ryan O'Donohue|Jeff Pidgeon|Patrick Pinney|Phil Proctor|Jan Rabson|Joe Ranft|Andrew Stanton|Shane Sweet,John Lasseter,https://a.ltrbxd.com/resized/film-poster/5/1/2/9/0/51290-toy-story-0-600-0-900-crop.jpg?v=0ce275d722
Superbad,2007,superbad,https://letterboxd.com/film/superbad/,9,Comedy,Jonah Hill|Michael Cera|Christopher Mintz-Plasse|Bill Hader|Seth Rogen|Martha MacIsaac|Emma Stone|Aviva Baumann|Joe Lo Truglio|Kevin Corrigan|Clement Blake|Erica Vittina Phillips|Joe Nuñez|Dave Franco|Marcella Lentz-Pope|Scott Gerbacia|Laura Seay|Roger Iwami|Clint Mabry|Stacy Edwards|Mark Rogen|Charlie Hartsock|Dona Hardy|Charley Rossman|Carla Gallo|Ben Best|Jody Hill|Kevin Breznahan|David Krumholtz|Mousa Kraish|Nicholas Jasenovec|Martin Starr|Keith Loneker|Matthew McKane|Lauren Miller Rogen|Peter Salett|Rakefet Abergel|Brooke Dillman|Michael Naughton|Steve Bannos|Casey Margolis|Laura Marano|Matthew Bass|Aurora Snow|Jenna Haze|Ted Haigh|Michael Fennessey|Brian Huskey|Clark Duke|Stephen Borrello IV|Naathan Phan|Pamella D'Pella|Danny McBride|Cortney Palm,Greg Mottola,https://a.ltrbxd.com/resized/film-poster/4/7/7/7/6/47776-superbad-0-600-0-900-crop.jpg?v=b43686efcb
Requiem for a Dream,2000,requiem-for-a-dream,https://letterboxd.com/film/requiem-for-a-dream/,10,Crime|Drama,Ellen Burstyn|Jared Leto|Jennifer Connelly|Marlon Wayans|Christopher McDonald|Louise Lasser|Marcia Jean Kurtz|Janet Sarno|Suzanne Shepherd|Joanne Gordon|Charlotte Aronofsky|Mark Margolis|Michael Kaycheck|Jack A. O'Connell|Chas Mastin|Ajay Naidu|Sean Gullette|Samia Shoaib|Peter Maloney|Abraham Abraham|Aliya Campbell|Te'ron A. O'Neal|Denise Dowse|Bryan Chattoo|Eddie De Harp|Scott Franklin|Peter Cheyenne|Brian Costello|Abraham Aronofsky|James Chinlund|Olga Merediz|Allison Furman|Robert Dylan Cohen|Ben Shenkman|Keith David|Dylan Baker|Shaun O'Hagan|Leland Gantt|Bill Buell|Jimmie Ray Weeks|Gregg Bello|Henry Stram|Heather Litteer|Jenny Decker|Ami Goodheart|Nina Zavarin|Stanley B. Herman|Scott Bader|Jim Centofanti|Scott Chait|Daniel Clarin|Ben Cohen|Eric Cohen|Brett Feinstein|Ricky Fier|John Getz|Andrew Kessler|Ross Lombardo|Carter Mansbach|Scott Miller|Todd Miller|Joshua Pollack|Craig Rallo|Geordan Reisner|Keith Scandore|David Seltzer|Chris Varvaro|Ricardo Viñas|Chad Weiner|Jesse Weissberger|Greg Weissman|Hubert Selby Jr.|Lianna Pai|Darren Aronofsky,Darren Aronofsky,https://a.ltrbxd.com/resized/alternative-backdrop/5/1/4/8/3/tmdb/b0EzdzbXZhPmlHkjmQOkjGFCpDl-1200-1200-675-675-crop-000000.jpg?v=074641238e
Puss in Boots: The Last Wish,2022,puss-in-boots-the-last-wish,https://letterboxd.com/film/puss-in-boots-the-last-wish/,9,Adventure|Animation|Comedy|Family|Fantasy,Antonio Banderas|Salma Hayek Pinault|Harvey Guillén|Wagner Moura|Florence Pugh|Olivia Colman|Ray Winstone|Samson Kayo|John Mulaney|Da'Vine Joy Randolph|Anthony Mendez|Kevin McCann|Bernardo de Paula|Betsy Sodaro|Artemis Pebdani|Conrad Vernon|Cody Cameron|Kailey Crawford|Al Rodrigo|Bob Persichetti|Miguel Matrai|Pilar Uribe|Heidi Gardner|Joel Crawford|Januel Mercado|James Ryan|Natalia Cronembold|Paul Fisher|Aydrea Walden,Joel Crawford,https://a.ltrbxd.com/resized/film-poster/2/4/2/2/8/5/242285-puss-in-boots-the-last-wish-0-600-0-900-crop.jpg?v=9e9109c5cd
Prisoners,2013,prisoners,https://letterboxd.com/film/prisoners/,8,Crime|Drama|Thriller,Hugh Jackman|Jake Gyllenhaal|Viola Davis|Maria Bello|Terrence Howard|Melissa Leo|Paul Dano|Dylan Minnette|Zoë Soul|Erin Gerasimovich|Kyla-Drew|Wayne Duvall|Len Cariou|David Dastmalchian|Brad James|Anthony Reynolds|Robert C. Treveiler|Sandra Ellis Lafferty|Victoria Staley|Todd Truley|Brian Daye|Alisa Harris|Robert Mello|Jeff Pope|Rodrick Goins|Mark Drum|Lana Yoo|Pam Smith|Gloria Webber|Michelle Keller|John Atwood|Stacy Melich|J. Omar Castro|Jane McNeill|Dennis Christopher|Takara Clark|Jason Davis|Katrina Despain|Brody Rose,Denis Villeneuve,https://a.ltrbxd.com/resized/sm/upload/j1/lk/so/8x/xJXjSQbQxyYkX2YA1wlllYYpoaP-1200-1200-675-675-crop-000000.jpg?v=4940a86b89
No Country for Old Men,2007,no-country-for-old-men,https://letterboxd.com/film/no-country-for-old-men/,9,Crime|Thriller|Western,Javier Bardem|Tommy Lee Jones|Josh Brolin|Woody Harrelson|Kelly Macdonald|Garret Dillahunt|Tess Harper|Barry Corbin|Stephen Root|Rodger Boyce|Beth Grant|Ana Reeder|Kit Gwin|Zach Hopkins|Chip Love|Eduardo Antonio Garcia|Gene Jones|Myk Watford|Boots Southerland|Kathy Lamkin|Johnnie Hector|Margaret Bowman|Thomas Kopache|Jason Douglas|Doris Hargrave|Rutherford Cravens|Matthew Posey|George Adelo|Mathew Greer|Trent Moore|Marc Miles|Luce Rains|Philip Bentham|Eric Reeves|Josh Meyer|Chris Warner|Brandon Smith|Roland Uribe|Richard Jackson|Josh Blaylock|Caleb Landry Jones|Dorsey Ray|Angel H. Alvarado Jr.|David A. Gomez|Milton Hernandez|John Mancha|Scott Flick|Albert Fry Jr.|Angelo Martinez|James Rishe|Elizabeth Slagsvol|Rachel Manera,Joel Coen|Ethan Coen,https://a.ltrbxd.com/resized/sm/upload/er/gs/bn/id/no-country-for-old-men-1200-1200-675-675-crop-000000.jpg?v=2956159386
Bullet Train,2022,bullet-train,https://letterboxd.com/film/bullet-train/,8,Action|Comedy|Thriller,Brad Pitt|Joey King|Aaron Taylor-Johnson|Brian Tyree Henry|Andrew Koji|Hiroyuki Sanada|Michael Shannon|Sandra Bullock|Bad Bunny|Logan Lerman|Zazie Beetz|Masi Oka|Karen Fukuhara|Kevin Akiyoshi Ching|Minchi Murakami|Kaori Taketani|Toshitaka Katsumi|Jim Garrity|Emelina Adams|Jenson Cheng|Nobuaki Shimamoto|Yoshi Sudarso|Johanna Watts|Ian Gabriel Martinez|Tania Verafield|Pancho Cardena|Julio Gabay|Andrea Muñoz|Nancy Daly|Arnold Chun|Naomi Matsuda|Benmio McCrea|Pasha D. Lychnikoff|Primus Johnson|Miles Marz|Michelle Lee|Parker Lin|Garland Scott|Jason Matthew Smith|Zooey Miyoshi|Kamil Aydin|David Leitch|Channing Tatum|Ryan Reynolds|RiRia|Ray Buffer|Samuel Code|Dane E. Connor|Josh Cruze|Louis Delavenne|Mike Ferguson|M.G. Gong|Rolando Gonzalez|Brandon Halvorsen|Masashi Ishizuka|Shota Kakibata|Darren Keilan|Alice Ko|Waymond Lee|Willington Liu|Ego Mikitas|Woon Young Park|Shoko Rice|Ezra Samson|Jose J. Santana|Sakura Sugihara|Charlotte Xia|Harrison Xu|Howard Young|Pablo Ramos|Kim Taratko|Marco Torres,David Leitch,https://a.ltrbxd.com/resized/film-poster/6/4/1/9/6/1/641961-bullet-train-0-600-0-900-crop.jpg?v=9245faa1ba
Top Gun: Maverick,2022,top-gun-maverick,https://letterboxd.com/film/top-gun-maverick/,8,Action|Drama,Tom Cruise|Miles Teller|Jennifer Connelly|Bashir Salahuddin|Jon Hamm|Charles Parnell|Monica Barbaro|Lewis Pullman|Jay Ellis|Danny Ramirez|Glen Powell|Val Kilmer|Jack Schumacher|Manny Jacinto|Kara Wang|Greg Tarzan Davis|Jake Picking|Raymond Lee|Jean Louisa Kelly|Lyliana Wray|Ed Harris|Chelsea Harris|Darnell Kirkwood|Austin Bowerman|Stephanie Andrea Barron|Alec Williams|Rachel Winfree|Peter Mark Kendall|Ian Gary|Bob Stephenson|Landon Gordon|Margaret Strabala|Ryan Heilmann|Shantel Limbo|James Handy|Whylip Lee|Tristan Henry|Jason Robert Boles|Brian Ferguson|Chido Nwokocha|Chaz Ingram|Rachael Markarian|Shannon Kane|Norman Ralph Eliasen|Tommy Kijas|Alexandra Williams,Joseph Kosinski,https://a.ltrbxd.com/resized/film-poster/2/9/3/4/6/5/293465-top-gun-maverick-0-600-0-900-crop.jpg?v=9f8af0f61b
Drive,2011,drive-2011,https://letterboxd.com/film/drive-2011/,9,Crime|Drama|Thriller,Ryan Gosling|Carey Mulligan|Bryan Cranston|Albert Brooks|Oscar Isaac|Christina Hendricks|Ron Perlman|Kaden Leos|Jeff Wolfe|James Biberi|Russ Tamblyn|Joe Bucaro III|Tiara Parker|Tim Trella|Jimmy Hart|Tina Huang|Andy San Dimas|John Pyper-Ferguson|Craig Baxley Jr.|Kenny Richards|Joe Pingue|Dieter Busch|Chris Muto|Rachel Dik|Cesar Garcia|Steven Knoll|Mara LaFontaine|Teonee Thrash|Ralph Lawler|Rio Ahn|Laurene Landon|DB Albert|Paula Alvarez|Andrew Constantini|Caitlin Litzinger|Sarah Adela Tirado|Claude Stuart,Nicolas Winding Refn,https://a.ltrbxd.com/resized/sm/upload/jh/el/zf/hg/drive-2022-1200-1200-675-675-crop-000000.jpg?v=9d984ce27f
Donnie Darko,2001,donnie-darko,https://letterboxd.com/film/donnie-darko/,9,Drama|Fantasy|Mystery,"Jake Gyllenhaal|Jena Malone|James Duval|Drew Barrymore|Beth Grant|Maggie Gyllenhaal|Mary McDonnell|Holmes Osborne|Noah Wyle|Katharine Ross|Patrick Swayze|Daveigh Chase|Arthur Taxier|David St. James|Patience Cleveland|Jazzie Mahannah|Jolene Purdy|David Moreland|Kristina Malota|Marina Malota|Scotty Leavenworth|Phyllis Lyons|Gary Lundy|Alex Greenwald|Stuart Stone|Joan Blair|Seth Rogen|Mark Hoffman|Jerry Trainor|Tom Tangen|Carly Naples|Lisa K. Wyatt|Rachel Winfree|Ashley French|Tiler Peck|Fran Kranz|Sarah Hudson|Alison Jones|Lee Weaver|Jack Salvatore, Jr.|Nancy Juvonen",Richard Kelly,https://a.ltrbxd.com/resized/sm/upload/uf/wk/nc/lv/donnie-darko-1200-1200-675-675-crop-000000.jpg?v=b30af6ea3e
Blade Runner 2049,2017,blade-runner-2049,https://letterboxd.com/film/blade-runner-2049/,8,Drama|Science Fiction,Ryan Gosling|Harrison Ford|Ana de Armas|Dave Bautista|Robin Wright|Sylvia Hoeks|Mackenzie Davis|Jared Leto|Carla Juri|Hiam Abbass|Lennie James|David Dastmalchian|Sean Young|Edward James Olmos|Barkhad Abdi|Wood Harris|Tómas Lemarquis|Sallie Harmsen|Loren Peta|Mark Arnold|Krista Kosonen|Elarica Johnson|David Benson|Kingston Taylor|Ben Thompson|Ellie Wright|Suzie Kennedy|Stephen Triffitt|Vilma Szécsi|Kincsö Sánta|André Lukács Molnár|István Göz|Pál Nyári|Joshua Tersoo Allagh|Zoltán Béres|Konstantin Pál|Ferenc Györgyi|Samuel Brown|Mary Lukasiewicz,Denis Villeneuve,https://a.ltrbxd.com/resized/film-poster/2/6/5/4/3/9/265439-blade-runner-2049-0-600-0-900-crop.jpg?v=86735e0bb8
The Lord of the Rings: The Fellowship of the Ring,2001,the-lord-of-the-rings-the-fellowship-of-the-ring,https://letterboxd.com/film/the-lord-of-the-rings-the-fellowship-of-the-ring/,9,Action|Adventure|Fantasy,Elijah Wood|Ian McKellen|Viggo Mortensen|Sean Astin|Ian Holm|Liv Tyler|Christopher Lee|Sean Bean|Billy Boyd|Dominic Monaghan|John Rhys-Davies|Orlando Bloom|Cate Blanchett|Hugo Weaving|Andy Serkis|Marton Csokas|Craig Parker|Lawrence Makoare|Brent McIntyre|Sala Baker|Peter McKenzie|Mark Ferguson|Harry Sinclair|Noel Appleby|Megan Edwards|Sarah McLeod|David Weatherley|Ian Mune|Michael Elsworth|Cameron Rhodes|Martyn Sanderson|Billy Jackson|Katie Jackson|Alan Howard|Victoria Beynon-Cole|Lee Hartley|Sam La Hood|Chris Streeter|Phil Grieve|Jonathan Jordan|Semi Kuresa|Clinton Ulyatt|Paul Bryson|Lance Fabian Kemp|Jono Manks|Ben Price|Peter Jackson|Chris Ryan|Bret McKenzie|Betty Adams|Timothy Bartlett|Bob Blackwell|David Houma|Jo Surgison|Liz Merton|Zo Hartley|Norman Cates|Jeff Kingsford-Brown|Marta Martí|Riley Brophy|Phoebe Gittins|Taea Hartwell|Shane Rangi|Jed Brophy|Paul Shapcott|Alan Lee|Larry Rew|Gino Acevedo|Xander Forterie|Richard Maybery|Sabine Crossen|Gareth Jensen|Ben Britton|Kester Fordham|Jarl Benzon|Sam Kelly|Matt Appleton|Blair Morton|Ray Henwood|Ralph Johnson|Jonathan Harding|Jørn Benzon|Ben Fransham|Tim Kano|Sacha Lee|Thomas Robins|Randall William Cook|Rachel Clentworth|Lani Jackson|Sharon Maxwell|David J. Muzzerall|Winham Hammond|Mana Hira Davis|Warren Green|Stu Johnson|Peter Lyon|Peter Daube|Samuel E. Shore|Rodney Bane|Siaosi Fonua|Ken Stratton|Lynden Berrymen|Ryan Carey|Tack Daniel|Shane Dawson|Branko Dordevich|Greg Lane|Tim McLachlan|Dean Morganty|Greg Morrison|Andrew Munro|Grant Roa|Vincent Roxburgh|Mike Stearne|Andrew Stehlin|Tim Wong|Daniel Andrews,Peter Jackson,https://a.ltrbxd.com/resized/sm/upload/3x/7b/zs/bg/lotr-fellowship-100-1200-1200-675-675-crop-000000.jpg?v=b5411cc8ac
(500) Days of Summer,2009,500-days-of-summer,https://letterboxd.com/film/500-days-of-summer/,8,Comedy|Drama|Romance,Joseph Gordon-Levitt|Zooey Deschanel|Geoffrey Arend|Chloë Grace Moretz|Matthew Gray Gubler|Clark Gregg|Patricia Belcher|Rachel Boston|Minka Kelly|Charles Walker|Ian Reed Kesler|Darryl Alan Reed|Valente Rodriguez|Yvette Nicole Brown|Nicole Vicius|Natalie Boren|Maile Flanagan|Darryl Sivad|Gregory A. Thompson|Michael Bodie|John Mackie|Jacob Stroop|Kevin Michael|Sid Wilner|Richard McGonagle|Jean-Paul Vignon|Bryan Anthony|Sybil Azur|Cheryl Baxter|Gustavo Carr|John R. Corella|Nadine Ellis|Alejandro Estornel|Nathaniel Flatt|Reshma Gajjar|Tiffany Granath|Jennifer Hamilton|Brandon Henschel|Michael Higgins|Kenneth Hughes|Alexandra Nicole Hulme|John Jacquet Jr.|Jennifer Lee Keyes|Tim Lacatena|Rebecca Lin|Gelsey Weiss|Katie Malia|Anthony Marciona|Christopher Martinez|Vivian Nixon|Tracy Phillips|Nathan Prevost|Jamie Shea|Ryan Thomas|Christian Vincent|Jull Weber|Olivia Howard Bagg|Jason Robinson|Chris Connell|Samantha Krutzfeldt|Kathryn Weisbeck|Eileen Álvarez|Jennifer Hetrick|Pleasant Wayne,Marc Webb,https://a.ltrbxd.com/resized/film-poster/3/9/3/5/0/39350--500-days-of-summer-0-600-0-900-crop.jpg?v=05995ae0b3
Good Will Hunting,1997,good-will-hunting,https://letterboxd.com/film/good-will-hunting/,10,Drama,Matt Damon|Robin Williams|Ben Affleck|Stellan Skarsgård|Minnie Driver|Casey Affleck|Cole Hauser|Vik Sahay|John Mighton|Rachel Majorowski|Colleen McCauley|Matt Mercier|Ralph St. George|Rob Lynds|Dan Washington|Alison Folland|Derrick Bridgeman|Shannon Egleson|Rob Lyons|Steven Kozlowski|Jennifer Deathe|Scott William Winters|Philip Williams|Patrick O'Donnell|Kevin Rushton|Jimmy Flynn|Joe Cannon|Ann Matacunas|George Plimpton|Francesco Clemente|Jessica Morton|Barna Moricz|Libby Geller|Chas Lawther|Richard Fitzpatrick|Frank Nakashima|Chris Britton|David Eisner|Bruce Hunter|Robert Talvano|James Allodi|Michael Arthur|Christian Harmony|Riva Di Paola|Harmony Korine|Thomas Lundy|Paul McGillicuddy|Daniel Olsen|Stephen L'Heureux,Gus Van Sant,https://a.ltrbxd.com/resized/film-poster/5/1/6/2/1/51621-good-will-hunting-0-600-0-900-crop.jpg?v=acb4766abd
Taxi Driver,1976,taxi-driver,https://letterboxd.com/film/taxi-driver/,9,Crime|Drama,Robert De Niro|Jodie Foster|Cybill Shepherd|Harvey Keitel|Peter Boyle|Leonard Harris|Albert Brooks|Diahnne Abbott|Frank Adu|Victor Argo|Gino Ardito|Garth Avery|Harry Cohn|Cooper Cunningham|Brenda Dickson|Harry Fischler|Nat Grant|Richard Higgs|Beau Kayser|Victor Magnotta|Bob Maroff|Norman Matlock|Bill Minkin|Murray Moston|Harry Northup|Gene Palma|Harlan Cary Poe|Steven Prince|Peter Savage|Martin Scorsese|Nicholas Shields|Ralph S. Singleton|Joe Spinell|Maria Turner|Robin Utt|Tommy Ardolino|Joseph Bergmann|Robert P. Cohen|William Donovan|Jean Elliott|Annie Gagen|Trent Gough|Carson Grant|Mary-Pat Green|Robert John Keiber|James Mapes|Debbi Morgan|David Nichols|Antone Pagán|Billie Perkins|Michael Phillips|Frankie Verroca|Lionel Douglass,Martin Scorsese,https://a.ltrbxd.com/resized/film-poster/5/1/9/4/7/51947-taxi-driver-0-600-0-900-crop.jpg?v=3ae07cca2d
Scott Pilgrim vs. the World,2010,scott-pilgrim-vs-the-world,https://letterboxd.com/film/scott-pilgrim-vs-the-world/,8,Action|Comedy|Romance,Michael Cera|Mary Elizabeth Winstead|Ellen Wong|Kieran Culkin|Alison Pill|Mark Webber|Johnny Simmons|Jason Schwartzman|Anna Kendrick|Aubrey Plaza|Satya Bhabha|Chris Evans|Brandon Routh|Mae Whitman|Brie Larson|Keita Saito|Shota Saito|Will Bowes|Celine Lepage|Mark Leroy|Kjartan Hewitt|Ben Lewis|Nelson Franklin|Kristina Pesic|Matt Watts|Ingrid Haas|Maurie W. Kaufmann|Marley Otto|Christine Watson|Chantelle Chung|Don McKellar|Jung-Yul Kim|Erik Knudsen|Abigail Chu|Tennessee Thomas|Emily Kassie|Michael Lazarovitch|John Patrick Amedori|Joe Dinicol|Craig Stickland|Bill Hader|Thomas Jane|Clifton Collins Jr.|Bryan Lee O'Malley,Edgar Wright,https://a.ltrbxd.com/resized/sm/upload/tj/1l/fv/xj/scott-pilgrim-170-1200-1200-675-675-crop-000000.jpg?v=a57694ded8
The Matrix,1999,the-matrix,https://letterboxd.com/film/the-matrix/,8,Action|Science Fiction,Keanu Reeves|Laurence Fishburne|Carrie-Anne Moss|Hugo Weaving|Gloria Foster|Joe Pantoliano|Marcus Chong|Julian Arahanga|Matt Doran|Belinda McClory|Anthony Ray Parker|Paul Goddard|Robert Taylor|David Aston|Marc Aden Gray|Ada Nicodemou|Deni Gordon|Rowan Witt|Eleanor Witt|Tamara Brown|Janaya Pender|Adryn White|Natalie Tjen|Bill Young|David O'Connor|Jeremy Ball|Fiona Johnson|Harry Lawrence|Steve Dodd|Luke Quinton|Lawrence Woodward|Michael Butcher|Bernard Ledger|Chris Pattinson|Robert Simper|Nigel Harbach|Nash Edgerton,Lana Wachowski|Lilly Wachowski,https://a.ltrbxd.com/resized/film-poster/5/1/5/1/8/51518-the-matrix-0-600-0-900-crop.jpg?v=fc7c366afe
Deadpool & Wolverine,2024,deadpool-wolverine,https://letterboxd.com/film/deadpool-wolverine/,8,Action|Comedy|Science Fiction,Ryan Reynolds|Hugh Jackman|Emma Corrin|Matthew Macfadyen|Dafne Keen|Jon Favreau|Morena Baccarin|Rob Delaney|Leslie Uggams|Jennifer Garner|Wesley Snipes|Channing Tatum|Chris Evans|Henry Cavill|Wunmi Mosaku|Aaron Stanford|Tyler Mane|Karan Soni|Brianna Hildebrand|Shioli Kutsuna|Stefan Kapičić|Randal Reeder|Lewis Tan|Nick Pauley|Sonita Henry|Ryan McKen|Nanak Phlora|Aydin Ahmed|Leemore Marrett Jr.|James Dryden|Ollie Palmer|Greg Hemphill|Aaron W Reed|Mike Waters|Rob McElhenney|James Reynolds|Ed Kear|Paul G. Raymond|Blake Lively|Inez Reynolds|Nathan Fillion|Matthew McConaughey|OIin Reynolds|Paul Mullin|Alex Kyshkovych|Billy Clements|Daniel Medina Ramos|Jade Lye|Nilly Cetin|Eduardo Gago Muñoz|Chloe Kibble|Curtis Rowland Small|Ayesha Hussain|Jessica Walker|Harry Holland|Kevin Fortin|Luke Bennett|Anneka Needham|George Montague|Chris Hemsworth,Shawn Levy,https://a.ltrbxd.com/resized/film-poster/4/6/2/8/7/0/462870-deadpool-wolverine-0-600-0-900-crop.jpg?v=1aa778d2c6
Se7en,1995,se7en,https://letterboxd.com/film/se7en/,10,Crime|Mystery|Thriller,Morgan Freeman|Brad Pitt|Gwyneth Paltrow|Kevin Spacey|John Cassini|R. Lee Ermey|John C. McGinley|Peter Crombie|Reg E. Cathey|Daniel Zacapa|Andrew Kevin Walker|George Christy|Endre Hules|Hawthorne James|Bob Mack|William Davidson|Bob Collins|Jimmy Dale Hartsell|Richard Roundtree|Charline Su|Dominique Jennings|Allan Kolman|Beverly Burke|Gene Borkan|Julie Araskog|Mario Di Donato|Alfonso Freeman|Harrison White|Bob Stephenson|Michael Reid MacKay|Richard Portnow|Tudor Sherrard|Mark Boone Junior|Pamala Tyson|Lennie Loftin|Sarah Reinhardt|Emily Wagner|Martin Serene|Michael Massee|David Correia|Ron Blair|Jennifer Mueller|Leland Orser|Lexie Bigham|Evan Mirand|Paul Eckstein|Harris Savides|Rachel Flanagan|Heidi Schanz|Brian Evers|Shannon Wilcox|Richard Schiff|James Deeth|John Santin|Charles A. Tamburro|Richmond Arquette|Duffy Gaver|Charles S. Dutton|Arthur Max,David Fincher,https://a.ltrbxd.com/resized/film-poster/5/1/3/4/5/51345-se7en-0-600-0-900-crop.jpg?v=76a14ef6b4
Once Upon a Time... in Hollywood,2019,once-upon-a-time-in-hollywood,https://letterboxd.com/film/once-upon-a-time-in-hollywood/,9,Comedy|Drama|Thriller,Leonardo DiCaprio|Brad Pitt|Margot Robbie|Emile Hirsch|Margaret Qualley|Timothy Olyphant|Julia Butters|Austin Butler|Dakota Fanning|Bruce Dern|Mike Moh|Luke Perry|Damian Lewis|Al Pacino|Nicholas Hammond|Samantha Robinson|Rafał Zawierucha|Lorenza Izzo|Costa Ronin|Damon Herriman|Lena Dunham|Madisen Beaty|Mikey Madison|James Landry Hébert|Maya Hawke|Victoria Pedretti|Sydney Sweeney|Harley Quinn Smith|Dallas Jay Hunter|Kansas Bowling|Parker Love Bowling|Cassidy Vick Hice|Ruby Rose Skotchdopole|Danielle Harris|Josephine Valentina Clark|Scoot McNairy|Clifton Collins Jr.|Marco Rodríguez|Ramón Franco|Raúl Cardona|Courtney Hoffman|Dreama Walker|Rachel Redleaf|Rebecca Rittenhouse|Rumer Willis|Spencer Garrett|Clu Gulager|Martin Kove|Rebecca Gayheart|Kurt Russell|Zoë Bell|Michael Madsen|Perla Haney-Jardine|James Remar|Monica Staggs|Craig Stark|Keith Jefferson|Omar Doom|Kate Berlant|Victoria Truscott|Allison Yaple|Bruce Del Castillo|Brenda Vaccaro|Lew Temple|Daniella Pick|David Steen|Mark Warrack|Gabriela Flores|Heba Thorisdottir|Breanna Wing|Kenneth Sonny Donato|Sergio Gonzalez|Casey O'Neill|Michael Graham|Emile Williams|Vincent Laresca|JLouis Mills|Gilbert Saldivar|Maurice Compte|Eddie Perez|Hugh McCallum|Zander Grable|Ed Regine|Michael Bissett|Lenny Langley Jr.|Gillian M. Berrow|Chad Ridgely|Chic Daniel|Corey Burton|Michaela Sprague|Ryan Ramirez|Kayla Jenee Radomski|Kerry Westcott|William DeAtley|Brianna Joy Chomer|Quentin Tarantino|Johnny Otto|Katarína Paveleková|Weston Razooli|Jack Perry|Bridie Latona|Rage Stewart|Leslie Bega,Quentin Tarantino,https://a.ltrbxd.com/resized/film-poster/3/9/7/8/5/9/397859-once-upon-a-time-in-hollywood-0-600-0-900-crop.jpg?v=f3e8612854
Spider-Man: No Way Home,2021,spider-man-no-way-home,https://letterboxd.com/film/spider-man-no-way-home/,10,Action|Adventure|Science Fiction,Tom Holland|Zendaya|Benedict Cumberbatch|Jacob Batalon|Jon Favreau|Jamie Foxx|Willem Dafoe|Alfred Molina|Benedict Wong|Tony Revolori|Marisa Tomei|Andrew Garfield|Tobey Maguire|Angourie Rice|Arian Moayed|Paula Newsome|Hannibal Buress|Martin Starr|JB Smoove|J.K. Simmons|Rhys Ifans|Charlie Cox|Thomas Haden Church|Haroon Khan|Emily Fong|Mary Rivera|Rudy Eisenzopf|Kathleen Cardoso|Jonathan Sam|Andrew Dunlap|Zany Dunlap|B. Clutch Dunlap|Minnah Dunlap|Ben VanderMey|Gary Weeks|Gregory Konow|Carol Anne Dines|Anisa Nyell Johnson|Willie D. Burton|Mallory Hoff|Greg Clarkson|Regina Ting Chen|Robert Mitchel Owenby|Glenn Keogh|Paris Benjamin|Jwaundace Candece|Taylor St. Clair|Rolando Fernandez|Gabriella Cila|Darnell Appling|Edward Force|Michael Le|Dean Meminger|Frederick A. Brown|Cristo Fernández|Clay Savage|Tom Hardy|Jay Karales|Harry Holland|John M. Maiers|Robert Tinsley|Cole Failing|Justin East,Jon Watts,https://a.ltrbxd.com/resized/film-poster/5/6/0/7/8/7/560787-spider-man-no-way-home-0-600-0-900-crop.jpg?v=a336d4f40c
The Wolf of Wall Street,2013,the-wolf-of-wall-street,https://letterboxd.com/film/the-wolf-of-wall-street/,9,Comedy|Crime|Drama,Leonardo DiCaprio|Jonah Hill|Margot Robbie|Matthew McConaughey|Kyle Chandler|Rob Reiner|Jon Bernthal|Jon Favreau|Jean Dujardin|Joanna Lumley|Cristin Milioti|Christine Ebersole|Shea Whigham|Katarina Čas|P.J. Byrne|Kenneth Choi|Brian Sacca|Henry Zebrowski|Ethan Suplee|Barry Rothbart|Jake Hoffman|Mackenzie Meehan|Bo Dietl|Jon Spinogatti|Aya Cash|Rizwan Manji|Stephanie Kurtzuba|J.C. MacKenzie|Ashlie Atkinson|Thomas Middleditch|Stephen Kunken|Edward Herrmann|Jordan Belfort|Ted Griffin|Fran Lebowitz|Robert Clohessy|Natasha Newman-Thomas|Sandra Nelson|Johnnie Mae|Christina Jeffs|Sabina Maschi|Zana Markelson|Welker White|Danny Flaherty|Carla Corvo|Dustin Kerns|Ashley Blankenship|Madison McKinley|Dierdre Reimold|Kerry Malloy|Frank van Putten|Aaron Lazar|Steve Routman|Steve Witting|Charley Morgan|Michael Nathanson|Natalie Bensel|Tess Olivia|Jaclyn Keys|Krista Ashworth|Kathleen Fellegara|John Bernard Martin|Jamel Daniels|Dan Bittner|John Behlmann|Ward Horton|Bret Shuford|Paul Monte Jr.|Ellen Sexton|Brian Tweedy|J.T. O'Connor|Steven Boyer|Danny A. Abeckaser|Tracy Friedman|Matthew Rauch|Michael Izquierdo|Donnie Keshawarz|Johnathan Tchaikovsky|Aaron Glaser|Ben Rameaka|Ben Loving|Brian Charles Johnson|Sebastian Tillinger|Chris Riggi|Dan Hunter|Meghan Rafferty|José Ramón Rosario|Davram Stiefler|Dan Daily|Ben Van Bergen|Matte Osian|Michael Devine|Jason Furlani|Scott Nicholson|Jeremy Bobb|Dean Auer|Tom Greer|Sharon Jones|Starr Duncan-Lowe|Saundra Williams|Emily Tremaine|Zineb Oukach|Loretta O. Booz|Shea Coleman|Giselle Eisenberg|Deema Aitken|Ashley Springer|Justin Anthony Long|Gregory Perri|Viki Boyle|Chris Caldovino|Marcos A. Gonzalez|Chris Matesevac|Justin Yllanes|Rémy Bennett|Catherine Curtin|Paul Urcioli|Jamie O'Connell|Michael O'Hara|Lawrence Lau|Michael Bryan French|Adria Baratta|Armen Garo|Garry Pastore|Louis Vanaria|Lawrence Smith|Hardy Winburn|Allyson Carr|Peter Youngblood Hills|Daniel Hepner|Brendan Griffin|Derek Milman|Victor Verhaeghe|Jared Houseman|Spike Jonze|Martin Scorsese|Silvia Kal|Tommy Bayiokos|Gianni Biasetti Jr.|Rick Bolander|Spenser Granese|Julian Brand|Kenneth Carrella|Austin Farwell|Zach Miko|Tyler Evan Rowe|Stefano Villabona|Gregory Brown|Tucker Bryan|Michael Jefferson|Bryan Burton|Mike Catapano|Steven Conroy|Kelsey Deanne|Maria Di Angelis|London Hall|Rosemary Howard|Chris Kerson|Natasha Kojic|Ben Leasure|Will MacAdam|Jeff Moffitt|Chris Nuñez|Seregon O'Dassey|Joseph Oliveira|Michael Power|Nicole Rutigliano|Sibyl Santiago|Vitaliy Shtabnoy|Madeleine Wade|Blago Simon|David Wenzel|Joe Zaso|Claudette Lalí|Francis Brooke|Martin Klebba|Michael Dubuc|Geoffrey J.D. Payne|Judah McFadden|Sylvia Ward,Martin Scorsese,https://a.ltrbxd.com/resized/film-poster/8/6/1/1/4/86114-the-wolf-of-wall-street-0-600-0-900-crop.jpg?v=a2b958b6f1
Dune: Part Two,2024,dune-part-two,https://letterboxd.com/film/dune-part-two/,9,Adventure|Science Fiction,Timothée Chalamet|Zendaya|Rebecca Ferguson|Javier Bardem|Josh Brolin|Austin Butler|Florence Pugh|Dave Bautista|Christopher Walken|Léa Seydoux|Stellan Skarsgård|Charlotte Rampling|Souheila Yacoub|Roger Yuan|Babs Olusanmokun|Alison Halstead|Giusi Merli|Kait Tenison|Tara Breathnach|Akiko Hitomi|Imola Gáspár|Alison Adnet|Hamza Baissa|Hassan Najib|Jasper Ryan-Cater|Omar Elbooz|Abdelkarim Hussein Seli Mohamed Hassanin|Joseph Beddelem|Xavier Alba Royo|Rachid Abbad|Affif Ben Badra|Botond Bóta|Abdelaziz Boumane|Abdellah Echahbi|Zouhair Elakkari|Noureddine Hajoujou|Mohamed Mouraoui|Adil Achraf Sayd|Hamza Sayd|Hopi Grace|Havin Fathi|Kincsö Pethö|Cat Simmons|Burt Caesar|Remi Fadare|Amer El-Erwadi|Tedroy Newell|Oxa Hazel|Hajiyeva Pakiza|Leon Herbert|Sima Rostami|Yvonne Campbell|Joseph Charles|Vic Zander|Dylan Baldwin|Marcia Tucker|Nicola Brome|Kathy Owen|Huw Novelli|Moe Bar-El|Serhat Metin|Amra Mallassi|Adam Bloom|Luis Alkmim|Jordan Long|Omar A.K.|Zdeněk Dvořáček|Billy Clements|Anton Valensi|Lex Daniel|Dominic McHale|Paul Boyle|Niall White|Tony Cook|Gábor Szemán|Jonathan Gunning|Will Irvine|Alan Mehdizadeh|Rex Adams|Molly Mcowan|Ana Cilas|Kajsa Mohammar|Sára Bácsfalvi|Zsófia Kocsis|Matthew Sim|Steve Wall|Italo Amerighi|Tim Hilborne|Cecile Sinclair|Tracy Coogan|Zoe Kata Kaska|Jimmy Walker|Rand Faris|Fouad Humaidan|Manaf Irani|Dora Kápolnai-Schvab|Joelle|Anya Taylor-Joy,Denis Villeneuve,https://a.ltrbxd.com/resized/film-poster/6/1/7/4/4/3/617443-dune-part-two-0-600-0-900-crop.jpg?v=cc533700f8
The Batman,2022,the-batman,https://letterboxd.com/film/the-batman/,9,Crime|Mystery|Thriller,Robert Pattinson|Zoë Kravitz|Jeffrey Wright|Colin Farrell|Paul Dano|John Turturro|Andy Serkis|Peter Sarsgaard|Barry Keoghan|Jayme Lawson|Gil Perez-Abraham|Peter McDonald|Con O'Neill|Alex Ferns|Rupert Penry-Jones|Kosha Engler|Archie Barnes|Janine Harouni|Hana Hrzic|Joseph Walker|Luke Roberts|Oscar Novak|Stella Stocker|Sandra Dickinson|Jack Bennett|Andre Nightingale|Richard James-Neale|Lorraine Tai|Joseph Balderrama|James Eeles|Angela Yeoh|Leemore Marrett Jr.|Ezra Elliott|Itoya Osagiede|Stewart Alexander|Adam Rojko Vega|Heider Ali|Marcus Onilude|Elena Saurel|Ed Kear|Sid Sagar|Amanda Blake|Todd Boyce|Brandon Bassir|Will Austin|Chabris Napier-Lawrence|Douglas Russell|Charlie Carver|Max Carver|Phil Aizlewood|Mark Killeen|Philip Shaun McGuinness|Lorna Brown|Elliot Warren|Jay Lycurgo|Stefan Race|Elijah Baker|Craige Middleburg|Akie Kotabe|Spike Fearn|Urielle Klein-Mekongo|Bronson Webb|Madeleine Gray|Ste Johnston|Arthur Lee|Parry Glasspool|Jordan Coulson|Hadas Gold|Pat Battle|Bobby Cuza|Dean Meminger|Roma Torre|Mike Capozzola|Amanda Hurwitz|Joshua Eldridge-Smith|Daniel Rainford|Nathalie Armin|Jose Palma|Kazeem Tosin Amore|Dave Simon|Rodrig Andrisan|Craig Douglas|Sophie Lamont|Kemal Shah|Mark Addison|Tiago Martins,Matt Reeves,https://a.ltrbxd.com/resized/film-poster/3/4/8/9/1/4/348914-the-batman-0-600-0-900-crop.jpg?v=ec12a8b7ce
Fight Club,1999,fight-club,https://letterboxd.com/film/fight-club/,10,Drama|Thriller,Edward Norton|Brad Pitt|Helena Bonham Carter|Meat Loaf|Jared Leto|Zach Grenier|Holt McCallany|Eion Bailey|Richmond Arquette|David Andrews|George Maguire|Eugenie Bondurant|Christina Cabot|Sydney 'Big Dawg' Colston|Rachel Singer|Christie Cronenweth|Tim DeZarn|Ezra Buzzington|Dierdre Downing-Jackson|Bob Stephenson|Charlie Dell|Rob Lanza|David Lee Smith|Joel Bissonnette|Evan Mirand|Robby Robinson|Lou Beatty Jr.|Thom Gossom Jr.|Valerie Bickford|Peter Iacangelo|Carl Ciarfalio|Stuart Blumberg|Todd Peirce|Mark Fite|Matt Winston|Joon Kim|Bennie Moore|Lauren Sánchez Bezos|Pat McNamara|Tyrone R. Livingston|Owen Masterson|David Jean Thomas|Paul Carafotes|Christopher John Fields|Anderson Bourell|Scotch Ellis Loring|Michael Shamus Wiles|Andi Carnick|Ed Kowalczyk|Leonard Termo|Van Quattro|Markus Redmond|Michael Girardin|Michael Arturo|Greg Bronson|Matt Cinquanta|Paul Dillon|Eddie Hargitay|Phil Hawn|Bruce Holman|Jawara|Baron Jay|Jim Jenkins|Kevin Scott Mack|Trey Ore|Louis Ortiz|Hugh Peddy|J.T. Pontino|Chad Randau|Marcio Rosario|Gregory Silva|Brian Tochi|Michael Zagst|Marc Cinquanta|Summer Moore|Violet Voss,David Fincher,https://a.ltrbxd.com/resized/film-poster/5/1/5/6/8/51568-fight-club-0-600-0-900-crop.jpg?v=768b32dfa4
Everything Everywhere All at Once,2022,everything-everywhere-all-at-once,https://letterboxd.com/film/everything-everywhere-all-at-once/,9,Action|Adventure|Comedy|Science Fiction,Michelle Yeoh|Stephanie Hsu|Ke Huy Quan|James Hong|Jamie Lee Curtis|Tallie Medel|Jenny Slate|Harry Shum Jr.|Biff Wiff|Sunita Mani|Aaron Lazar|Brian Le|Andy Le|Narayana Cabral|Chelsey Goldsmith|Craig Henningsen|Anthony Molinari|Dan Brown|Anthony N.|Cara Marie Chooljian|Randall Archer|Efka Kvaraciejus|Peter Banifaz|Audrey Wasilewski|Li Jing|Dylan Henry Lau|Boon Pin Koh|Timothy Eulich|Daniel Scheinert|Michiko Nishiwaki|Jane Lui|Jason Hamer|Timothy Ralston|Hiroshi Yada|Randy Newman|Amanda MacLeod|Waymond Lee,Daniel Scheinert|Daniel Kwan,https://a.ltrbxd.com/resized/film-poster/4/7/4/4/7/4/474474-everything-everywhere-all-at-once-0-600-0-900-crop.jpg?v=281f1a041e
Interstellar,2014,interstellar,https://letterboxd.com/film/interstellar/,10,Adventure|Drama|Science Fiction,Matthew McConaughey|Anne Hathaway|Michael Caine|Jessica Chastain|Casey Affleck|Wes Bentley|Topher Grace|Mackenzie Foy|Ellen Burstyn|John Lithgow|Bill Irwin|David Gyasi|Timothée Chalamet|Matt Damon|Josh Stewart|Leah Cairns|Liam Dickinson|Francis X. McCarthy|William Devane|Andrew Borba|Elyes Gabel|David Oyelowo|Collette Wolfe|Jeff Hephner|Russ Fega|Lena Georgas|Brooke Smith|Flora Nolan|Griffen Fraser|Kristian Van der Heyden|William Patrick Brown|Benjamin Hardy|Joseph Oliveira|Alexander Michael Helisek|Rory Nolan,Christopher Nolan,https://a.ltrbxd.com/resized/film-poster/1/1/7/6/2/1/117621-interstellar-0-600-0-900-crop.jpg?v=7ad89e6666
